-- phpMyAdmin SQL Dump
-- version 5.2.1
-- https://www.phpmyadmin.net/
--
-- Gép: 127.0.0.1
-- Létrehozás ideje: 2025. Júl 03. 13:15
-- Kiszolgáló verziója: 10.4.32-MariaDB
-- PHP verzió: 8.2.12

SET SQL_MODE = "NO_AUTO_VALUE_ON_ZERO";
START TRANSACTION;
SET time_zone = "+00:00";


/*!40101 SET @OLD_CHARACTER_SET_CLIENT=@@CHARACTER_SET_CLIENT */;
/*!40101 SET @OLD_CHARACTER_SET_RESULTS=@@CHARACTER_SET_RESULTS */;
/*!40101 SET @OLD_COLLATION_CONNECTION=@@COLLATION_CONNECTION */;
/*!40101 SET NAMES utf8mb4 */;

--
-- Adatbázis: `kutyak`
--
CREATE DATABASE IF NOT EXISTS `kutyak` DEFAULT CHARACTER SET utf8mb4 COLLATE utf8mb4_general_ci;
USE `kutyak`;

-- --------------------------------------------------------

--
-- Tábla szerkezet ehhez a táblához `kutyafajtak`
--

CREATE TABLE `kutyafajtak` (
  `kutyafajta_id` int(11) UNSIGNED NOT NULL,
  `nev` varchar(100) NOT NULL,
  `eredeti_nev` varchar(100) NOT NULL
) ENGINE=InnoDB DEFAULT CHARSET=utf8 COLLATE=utf8_general_ci;

--
-- A tábla adatainak kiíratása `kutyafajtak`
--

INSERT INTO `kutyafajtak` (`kutyafajta_id`, `nev`, `eredeti_nev`) VALUES
(1, 'Abruzzói juhászkutya', 'Cane da pastore Maremmano-Abruzzese'),
(2, 'Afgán agár', 'Afghan Hound'),
(3, 'Afrikai oroszlánkutya', 'Rhodesian Ridgeback'),
(4, 'Airedale terrier', 'Airedale Terrier'),
(5, 'Akbash', 'Akbash'),
(6, 'Akita', 'Akita'),
(7, 'Alaszkai malamut', 'Alaskan Malamute'),
(8, 'Alopekisz', 'Alopekis'),
(9, 'Alpesi tacskókopó', 'Alpenländische Dachsbracke'),
(10, 'Amerikai akita', 'American Akita'),
(11, 'Amerikai bulldog', 'American bulldog'),
(12, 'Amerikai cocker spániel', 'American Cocker Spaniel'),
(13, 'Amerikai eszkimó kutya', 'American Eskimo Dog'),
(14, 'Amerikai kopasz terrier', 'American hairless terrier'),
(15, 'Amerikai pit bullterrier', 'American Pit Bullterrier'),
(16, 'Amerikai rókakopó', 'American Foxhound'),
(17, 'Amerikai staffordshire terrier', 'American Staffordshire Terrier'),
(18, 'Amerikai vízispániel', 'American Water Spaniel'),
(19, 'Amerikai-kanadai fehér juhászkutya', 'White Shepherd Dog'),
(20, 'Anatóliai juhászkutya', 'Coban Köpegi'),
(21, 'Angol agár', 'Greyhound'),
(22, 'Angol bulldog', 'Bulldog'),
(23, 'Angol cocker spániel', 'English Cocker Spaniel'),
(24, 'Angol juhászkutya', 'English Shepherd'),
(25, 'Angol masztiff', 'Mastiff'),
(26, 'Angol mosómedvekopó', 'English Coonhound'),
(27, 'Angol pointer', 'Pointer'),
(28, 'Angol rókakopó', 'English Foxhound'),
(29, 'Angol springer spániel', 'English Springer Spaniel'),
(30, 'Angol szetter', 'English Setter'),
(31, 'Angol véreb', 'Chien de Saint-Hubert'),
(32, 'Angol-francia falkavadász kopó', 'Anglo-français de petite vénerie'),
(33, 'Appenzelli pásztorkutya', 'Appenzeller Sennenhund'),
(34, 'Arab agár', 'Sloughi'),
(35, 'Ardenni pásztorkutya', 'Bouvier des Ardennes'),
(36, 'Argentin dog', 'Dogo Argentino'),
(37, 'Ariége-i kopó', 'Ariege-Hound'),
(38, 'Ariége-i vizsla', 'Ariege Pointing Dog'),
(39, 'Artésien Normand', 'Artésien Normand'),
(40, 'Artois-i basset', 'Basset d\'Artois'),
(41, 'Artois-i kopó', 'Chien d’Artois'),
(42, 'Atlasz-hegységi kutya', 'Chien de Montagne de l’Atlas – Aïdi'),
(43, 'Ausztrál csonkafarkú pásztorkutya', 'Australian Stumpy Tail Cattle Dog'),
(44, 'Ausztrál juhászkutya', 'Australian Shepherd'),
(45, 'Ausztrál Kelpie', 'Australian Kelpie'),
(46, 'Ausztrál pásztorkutya', 'Australian Cattle Dog'),
(47, 'Ausztrál selyemszőrű terrier', 'Australian Silky Terrier'),
(48, 'Ausztrál terrier', 'Australian Terrier'),
(49, 'Auvergne-i vizsla', 'Braque d’Auvergne'),
(50, 'Azawakh', 'Azawakh'),
(51, 'Azori-szigeteki kutya', 'Cão Fila de São Miguel'),
(52, 'Bajor hegyi véreb', 'Bayerischer Gebirgsschweisshund'),
(53, 'Bali hegyikutya', 'Kintamani'),
(54, 'Basenji', 'Basenji'),
(55, 'Basset Artésien Normand', 'Basset Artésien Normand'),
(56, 'Basset Bleu de Gascogne', 'Basset Bleu de Gascogne'),
(57, 'Basset hound', 'Basset Hound'),
(58, 'Beagle', 'Beagle'),
(59, 'Beagle harrier', 'Beagle Harrier'),
(60, 'Bearded Collie', 'Bearded Collie'),
(61, 'Beauce-i juhászkutya', 'Berger de Beauce'),
(62, 'Bedlington terrier', 'Bedlington Terrier'),
(63, 'Belga griffon', 'Griffon Belge'),
(64, 'Belga masztiff', 'Chien de Trait Belge'),
(65, 'Belga vizsla', 'Braque Belge'),
(66, 'Bergamói juhászkutya', 'Cane da pastore Bergamasco'),
(67, 'Berni kopó', 'Bernese Laufhund'),
(68, 'Berni pásztorkutya', 'Berner Sennenhund – Dürrbächler'),
(69, 'Bichon frisé', 'Bichon à poil frisé'),
(70, 'Biewer yorkshire terrier', 'Biewer Yorkshire Terrier'),
(71, 'Billy', 'Billy'),
(72, 'Boerboel', 'Boerboel'),
(73, 'Bolognai pincs', 'Bolognese'),
(74, 'Bolonka cvetna', 'Bolonka Zwetna'),
(75, 'Bolonka franzuska', 'Bolonka Franzuska'),
(76, 'Bordeauxi dog', 'Dogue de Bordeaux'),
(77, 'Border collie', 'Border Collie'),
(78, 'Border terrier', 'Border Terrier'),
(79, 'Boston terrier', 'Boston Terrier'),
(80, 'Boszniai drótszőrű kopó', 'Bosanski Ostrodlaki Gonič – Barak'),
(81, 'Boszniai kopó', 'Tornjak'),
(82, 'Bourbonne-i vizsla', 'Braque du Bourbonnais'),
(83, 'Boykin spániel', 'Boykin Spaniel'),
(84, 'Brabanti kis griffon', 'Petit Brabançon'),
(85, 'Brazil kopó', 'Rastreador Brasileiro'),
(86, 'Brazil masztiff', 'Fila Brasileiro'),
(87, 'Brazil terrier', 'Terrier Brasileiro'),
(88, 'Bretagne-i cserszínű basset', 'Basset Fauve de Bretagne'),
(89, 'Bretagne-i cserszínű griffon', 'Griffon Fauve de Bretagne'),
(90, 'Breton spániel', 'Epagneul Breton'),
(91, 'Brie-i juhászkutya', 'Berger de Brie'),
(92, 'Broholmer', 'Broholmer'),
(93, 'Brüsszeli griffon', 'Griffon Bruxellois'),
(94, 'Bukovinai juhászkutya', 'Ciobanesc Romanesc de Bucovina'),
(95, 'Bullmasztiff', 'Bullmastiff'),
(96, 'Bullterrier', 'Bull Terrier'),
(97, 'Burgosi vizsla', 'Perdiguero de Burgos'),
(98, 'Cairn terrier', 'Cairn Terrier'),
(99, 'Cane corso', 'Cane Corso Italiano'),
(100, 'Cardigan welsh corgi', 'Welsh Corgi Cardigan'),
(101, 'Castro Laboreiro-i pásztorkutya', 'Cão de Castro Laboreiro'),
(102, 'Catahoulai leopárdkutya', 'Catahoula Cur'),
(103, 'Cavalier King Charles spániel', 'Cavalier King Charles Spaniel'),
(104, 'Chambray', 'Chambray'),
(105, 'Chesapeake bay retriever', 'Chesapeake Bay Retriever'),
(106, 'Clumber spániel', 'Clumber Spaniel'),
(107, 'Coton de Tuléar', 'Coton de Tuléar'),
(108, 'Csau-csau', 'Chow Chow'),
(109, 'Cseh szálkásszőrű vizsla', 'Cesky Fousek'),
(110, 'Cseh terrier', 'Ceský Teriér'),
(111, 'Csehszlovák farkaskutya', 'Československý vlčák'),
(112, 'Csivava', 'Chihuahueño'),
(113, 'Dalmata', 'Dalmatinac'),
(114, 'Dán-svéd őrkutya', 'Dansk-Svensk Gårdshund'),
(115, 'Dandie Dinmont terrier', 'Dandie Dinmont Terrier'),
(116, 'Délorosz juhászkutya', 'Ioujnorousskaia Ovtcharka'),
(117, 'Dobermann', 'Dobermann'),
(118, 'Drenti vizsla', 'Drentsche Patrijshond'),
(119, 'Drever', 'Drever'),
(120, 'Drótszőrű stíriai kopó', 'Steirische Rauhhaarbracke'),
(121, 'Drótszőrű foxterrier', 'Wire-haired Foxterrier'),
(122, 'Drótszőrű griffon', 'Griffon d’arrêt à poil dur Korthals'),
(123, 'Drótszőrű isztriai kopó', 'Istarski Ostrodlaki Gonič'),
(124, 'Drótszőrű magyar vizsla', 'Drótszőrű magyar vizsla'),
(125, 'Drótszőrű német vizsla', 'Deutsch Drahthaar'),
(126, 'Drótszőrű olasz segugio', 'Segugio Italiano a Pelo Forte'),
(127, 'Dupuy-i vizsla', 'Braque Dupuy'),
(128, 'Entlebuchi pásztorkutya', 'Entlebucher Sennenhund'),
(129, 'Erdélyi kopó', 'Erdélyi kopó'),
(130, 'Estrelai hegyikutya', 'Cão da Serra da Estrela'),
(131, 'Észt kopó', 'Eesti Hagijas'),
(132, 'Eurázsiai', 'Eurasian'),
(133, 'Európai-orosz lajka', 'Russko-Evropeïakaïa Laïka'),
(134, 'Fáraókutya', 'Pharaoh Hound'),
(135, 'Fehér-cser francia kopó', 'Français Blanc et Orange'),
(136, 'Fehér-cser nagy angol-francia kopó', 'Grand Anglo-Français Blanc et Orange'),
(137, 'Fehér-fekete francia kopó', 'Chien Français Blanc et Noir'),
(138, 'Fehér-fekete nagy angol-francia kopó', 'Grand Anglo-Français Blanc et Noir'),
(139, 'Fekete norvég elkhund', 'Norsk Elghund Sort'),
(140, 'Fekete-cser mosómedvekopó', 'Black and Tan Coonhound'),
(141, 'Félhosszúszőrű pireneusi juhászkutya', 'Chien de berger des Pyrénées à face rase'),
(142, 'Field spániel', 'Field Spaniel'),
(143, 'Finn kopó', 'Suomenajokoira'),
(144, 'Finn lapphund', 'Suomenlapinkoira'),
(145, 'Finn spitz', 'Suomenpystykorva'),
(146, 'Flandriai pásztorkutya', 'Bouvier des Flandres'),
(147, 'Foxterrier', 'Foxterrier Smooth'),
(148, 'Francia bulldog', 'Bouledogue français'),
(149, 'Francia spániel', 'Epagneul français'),
(150, 'Francia vízi kutya', 'Barbet'),
(151, 'Gascogne-i francia vizsla', 'Braque français, type Gascogne'),
(152, 'Gascogne-i kék griffon', 'Griffon Bleu de Gascogne'),
(153, 'Glen of Imaal terrier', 'Irish Glen of Imaal Terrier'),
(154, 'Golden retriever', 'Golden Retriever'),
(155, 'Göndör szőrű retriever', 'Curly Coated Retriever'),
(156, 'Gordon szetter', 'Gordon Setter'),
(157, 'Görög kopó', 'Hellinikos Ichnilatis'),
(158, 'Gråhund', 'Gråhund'),
(159, 'Groenendael', 'Groenendael'),
(160, 'Grönlandi kutya', 'Grønlandshund'),
(161, 'Gyapjas szőrű griffon', 'Griffon á Poil Laineux'),
(162, 'Halden kopó', 'Haldenstøver'),
(163, 'Hamilton kopó', 'Hamiltonstövare'),
(164, 'Hannoveri véreb', 'Hannoverscher Schweisshund'),
(165, 'Harlekin pincser', 'Harlekinpinscher'),
(166, 'Harrier', 'Harrier'),
(167, 'Havannai pincs', 'Bichon havanais'),
(168, 'Hokkaïdo', 'Hokkaïdo'),
(169, 'Holland smoushond', 'Hollandse Smoushond'),
(170, 'Horvát juhászkutya', 'Hrvatski Ovcar'),
(171, 'Hosszúszőrű holland juhászkutya', 'Hollandse Herdershond Langhaar'),
(172, 'Hosszúszőrű német vizsla', 'Deutsch Langhaar'),
(173, 'Hosszúszőrű pireneusi juhászkutya', 'Chien de berger des Pyrénées à poil long'),
(174, 'Hosszúszőrű skót juhászkutya', 'Collie Rough'),
(175, 'Hovawart', 'Hovawart'),
(176, 'Hygen kopó', 'Hygenhund'),
(177, 'Ibizai kopó', 'Podenco Ibicenco'),
(178, 'Ír farkaskutya', 'Irish Wolfhound'),
(179, 'Ír terrier', 'Irish Terrirer'),
(180, 'Ír vízispániel', 'Irish Water Spaniel'),
(181, 'Izlandi juhászkutya', 'Islenskur Fjárhundur'),
(182, 'Jack Russell terrier', 'Jack Russell Terrier'),
(183, 'Jämthund', 'Jämthund'),
(184, 'Japán csin', 'Chin'),
(185, 'Japán közép dog', 'Japanese Middle Sized Dog'),
(186, 'Japán spitz', 'Nihon Supittsu'),
(187, 'Japán terrier', 'Nihon Teria'),
(188, 'Jurai kopó', 'Jura Laufhund'),
(189, 'Kai', 'Kai'),
(190, 'Kánaán kutya', 'Canaan Dog'),
(191, 'Kanadai eszkimó kutya', 'Canadian Eskimo Dog'),
(192, 'Kanári-szigeteki kopó', 'Podenco Canario'),
(193, 'Kanári-szigeteki kutya', 'Dogo Canario'),
(194, 'Karéliai medvekutya', 'Karjalankarhukoira'),
(195, 'Karolina kutya', 'Carolina dog'),
(196, 'Kárpáti pásztorkutya', 'Ciobănesc Românesc Carpatin'),
(197, 'Karszti pásztorkutya', 'Kraski Ovčar'),
(198, 'Katalán pásztorkutya', 'Gos d’Atura Catala'),
(199, 'Kaukázusi juhászkutya', 'Kavkazskaïa Ovtcharka'),
(200, 'Keeshond', 'Keeshond'),
(201, 'Kék pettyes mosómedvekopó', 'Bluetick Coonhound'),
(202, 'Kelet-szibériai lajka', 'Vostotchno-Sibirskaïa Laïka'),
(203, 'Kenguruagár', 'Kangaroo Dog'),
(204, 'Kerry blue terrier', 'Kerry Blue Terrier'),
(205, 'Kínai meztelen kutya', 'Chinese Crested Dog'),
(206, 'King Charles spániel', 'King Charles Spaniel'),
(207, 'Kis angol terrier', 'English Toy Terrier'),
(208, 'Kis berni kopó', 'Berner Niederlaufhund'),
(209, 'Kis gascogne-i kék kopó', 'Petit Bleu de Gascogne'),
(210, 'Kis gascon-saintonge-i kopó', 'Petit Gascon Saintongeois'),
(211, 'Kis jurai kopó', 'Jura Niederlaufhund'),
(212, 'Kis luzerni kopó', 'Jura Niederlaufhund'),
(213, 'Kis münsterlandi vizsla', 'Kleiner Münsterländer'),
(214, 'Kis oroszlánkutya', 'Lowchen – Little Lion Dog'),
(215, 'Kis schwyzi kopó', 'Schwyzer Niederlaufhund'),
(216, 'Kis vendée-i griffon basset', 'Petit Basset Griffon Vendéen'),
(217, 'Kishu', 'Kishu'),
(218, 'Komondor', 'Komondor'),
(219, 'Kooikerhondje', 'Kooikerhondje'),
(220, 'Koreai jindo kutya', 'Korea Jindo Dog'),
(221, 'Közép schnauzer', 'Schnauzer'),
(222, 'Közép uszkár', 'Medium Caniche'),
(223, 'Közép-ázsiai juhászkutya', 'Sredneasiatskaïa Ovtcharka'),
(224, 'Közepes portugál kopó', 'Podengo Português'),
(225, 'Kromfohrländer', 'Kromfohrländer'),
(226, 'Kuvasz', 'Kuvasz'),
(227, 'Labrador retriever', 'Labrador Retriever'),
(228, 'Laekenois', 'Laekenois'),
(229, 'Lagotto Romagnolo', 'Lagotto Romagnolo'),
(230, 'Lakeland terrier', 'Lakeland Terrier'),
(231, 'Landseer', 'Landseer'),
(232, 'Lapp pásztorkutya', 'Lapinporokoira'),
(233, 'Lengyel agár', 'Chart Polski'),
(234, 'Lengyel alföldi juhászkutya', 'Polski Owczarek Nizinny'),
(235, 'Lengyel kopó', 'Ogar polski'),
(236, 'Lengyel vadászkutya', 'Gończy Polski'),
(237, 'Leonbergi', 'Leonberger'),
(238, 'Lett kopó', 'Latvijas Dzinejsuns'),
(239, 'Levesque', 'Levesque'),
(240, 'Lhasa apso', 'Lhasa Apso'),
(241, 'Litván kopó', 'Lietuvių skalikas'),
(242, 'Lundehund', 'Norsk Lundehund'),
(243, 'Luzerni kopó', 'Luzerner Laufhund'),
(244, 'Magyar agár', 'Magyar agár'),
(245, 'Majompincs', 'Affenpinscher'),
(246, 'Malinois', 'Malinois'),
(247, 'Mallorcai masztiff', 'Ca de Bou – Perro Dogo Mallorquin'),
(248, 'Mallorcai pásztorkutya', 'Ca de Bestiar – Perro de pastor mallorquín'),
(249, 'Máltai selyemkutya', 'Maltese'),
(250, 'Manchester terrier', 'Manchester Terrier'),
(251, 'Markiesje', 'Markiesje'),
(252, 'Mexikói szőrtelen kutya', 'Xoloitzcuintle'),
(253, 'Miniatűr bullterrier', 'Bullterrier Miniatur'),
(254, 'Mioritic pásztorkutya', 'Ciobănesc românesc mioritic'),
(255, 'Montenegrói hegyikopó', 'Crnogorski Planinski Gonič'),
(256, 'Mopsz', 'Mops – Pug – Carlin'),
(257, 'Moszkvai dog', 'Moskovskaya Dog'),
(258, 'Moszkvai őrkutya', 'Moskovskaya Storozhevaya'),
(259, 'Mudi', 'Mudi'),
(260, 'Nagy gascogne-i kék kopó', 'Grand Bleu de Gascogne'),
(261, 'Nagy Gascon-Saintonge-i kopó', 'Grand Gascon Saintongeois'),
(262, 'Nagy münsterlandi vizsla', 'Grosser Münsterländer Vorstehhund'),
(263, 'Nagy portugál kopó', 'Podengo Português Grande'),
(264, 'Nagy svájci havasi kutya', 'Grosser Schweizer Sennenhund'),
(265, 'Nagy vendée-i griffon', 'Grand Griffon Vendéen'),
(266, 'Nagy vendée-i griffon basset', 'Grand Basset Griffon Vendéen'),
(267, 'Nápolyi masztiff', 'Mastino Napoletano'),
(268, 'Német boxer', 'Deutscher Boxer'),
(269, 'Német dog', 'Deutsche Dogge'),
(270, 'Német fürjészeb', 'Deutscher Wachtelhund'),
(271, 'Német juhászkutya', 'Deutsche Schäferhunde'),
(272, 'Német kis spitz', 'Deutscher Kleinspitz'),
(273, 'Német kopó', 'Deutsche Bracke'),
(274, 'Német közép spitz', 'Deutscher Mittelspitz'),
(275, 'Német nagy spitz', 'Großspitz'),
(276, 'Német pincser', 'Deutscher Pinscher'),
(277, 'Német vadászterrier', 'Deutscher Jagdterrier'),
(278, 'Nivernais-i griffon', 'Griffon Nivernais'),
(279, 'Norfolk terrier', 'Norfolk Terrier'),
(280, 'Normand poitevin', 'Normand Poitevin'),
(281, 'Norrbotteni spitz', 'Norrbottenspets'),
(282, 'Norvég buhund', 'Norsk Buhund'),
(283, 'Norvég kopó', 'Dunker'),
(284, 'Norwich terrier', 'Norwich Terrier'),
(285, 'Nyugat-szibériai lajka', 'Zapadno-Sibirskaïa Laïka'),
(286, 'Óangol juhászkutya', 'Bobtail'),
(287, 'Olasz agár', 'Piccolo Levriero Italiano'),
(288, 'Olasz griffon', 'Spinone Italiano'),
(289, 'Olasz kopó', 'Segugio Italiano a Pelo Raso'),
(290, 'Olasz vizsla', 'Bracco Italiano'),
(291, 'Olasz volpino', 'Volpino Italiano'),
(292, 'Óriás schnauzer', 'Riesenschnauzer'),
(293, 'Óriás uszkár', 'Standard Caniche'),
(294, 'Orosz agár', 'Russkaya Psovaya Borzaya'),
(295, 'Orosz fekete terrier', 'Black Terrier'),
(296, 'Orosz kopó', 'Gontchaja Russkaja'),
(297, 'Orosz spániel', 'Russkaja Spaniel'),
(298, 'Orosz toy terrier', 'Russkiy Toy'),
(299, 'Ősi dán vizsla', 'Gammel Dansk Hønsehund'),
(300, 'Osztrák kopó', 'Brandlbracke – Vieräugl'),
(301, 'Osztrák pincser', 'Österreichischer Pinscher'),
(302, 'Papillon', 'Papillon'),
(303, 'Parson Jack Russell terrier', 'Parson Jack Russell Terrier'),
(304, 'Pekingi palotakutya', 'Pekingese'),
(305, 'Pembroke Welsh Corgi', 'Pembroke Welsh Corgi'),
(306, 'Perui meztelen kutya', 'Perro sin pelo del Perú'),
(307, 'Perzsa agár', 'Saluki'),
(308, 'Phalène', 'Phalène'),
(309, 'Pikárdiai juhászkutya', 'Berger de Picardie – Berger Picard'),
(310, 'Pikárdiai kék spániel', 'Epagneul bleu de Picardie'),
(311, 'Pikárdiai spániel', 'Épagneul Picard'),
(312, 'Pireneusi francia vizsla', 'Braque français, type Pyrénées'),
(313, 'Pireneusi hegyikutya', 'Chien de Montagne des Pyrénées'),
(314, 'Pireneusi masztiff', 'Mastín del Pirineo'),
(315, 'Plott kopó', 'Plott Hound'),
(316, 'Poitevin', 'Poitevin'),
(317, 'Pomerániai törpespitz', 'Zwergspitz'),
(318, 'Pont-Audemer-i spániel', 'Épagneul de Pont-Audemer'),
(319, 'Porcelánkopó', 'Porcelaine'),
(320, 'Portugál juhászkutya', 'Cão da Serra de Aires'),
(321, 'Portugál vízikutya', 'Cão de Agua Português'),
(322, 'Portugál vizsla', 'Perdigueiro Português'),
(323, 'Pudelpointer', 'Pudelpointer'),
(324, 'Puli', 'Puli'),
(325, 'Pumi', 'Pumi'),
(326, 'Rafeiro do Alentejo', 'Rafeiro do Alentejo'),
(327, 'Rottweiler', 'Rottweiler'),
(328, 'Rövidszőrű holland juhászkutya', 'Hollandse Herdershond Korthaar'),
(329, 'Rövidszőrű isztriai kopó', 'Istarski Kratkodlaki Gonič'),
(330, 'Rövidszőrű magyar vizsla', 'Rövidszőrű magyar vizsla'),
(331, 'Rövidszőrű német vizsla', 'Deutsch Kurzhaar'),
(332, 'Rövidszőrű skót juhászkutya', 'Collie Smooth'),
(333, 'Saarloosi farkaskutya', 'Sarlooswolfdog'),
(334, 'Saint Germain-i vizsla', 'Braque Saint-Germain'),
(335, 'Sanshu', 'Sanshu'),
(336, 'Sarplaninai juhászkutya', 'Jugoslovenski Ovcarski Pas – Sarplaninac'),
(337, 'Schapendoes', 'Nederlandse Schapendoes'),
(338, 'Schiller kopó', 'Schillerstövare'),
(339, 'Schipperke', 'Schipperke'),
(340, 'Schwyzi kopó', 'Schwyzer Laufhund'),
(341, 'Sealyham terrier', 'Sealyham Terrier'),
(342, 'Shar pei', 'Shar Pei'),
(343, 'Shetlandi juhászkutya', 'Shetland Sheepdog'),
(344, 'Shiba', 'Shiba'),
(345, 'Shikoku', 'Shikoku'),
(346, 'Si-cu', 'Shih Tzu'),
(347, 'Simaszőrű retriever', 'Flat Coated Retriever'),
(348, 'Skót szarvasagár', 'Deerhound'),
(349, 'Skót terrier', 'Scottish Terrier'),
(350, 'Skye terrier', 'Skye Terrier'),
(351, 'Smålandi kopó', 'Smålandsstövare'),
(352, 'Soft coated wheaten terrier', 'Irish Soft Coated Wheaten Terrier'),
(353, 'Somerset harrier', 'Somerset Harrier'),
(354, 'Spanyol agár', 'Galgo Español'),
(355, 'Spanyol dog', 'Alano Español'),
(356, 'Spanyol kopó', 'Sabueso Español'),
(357, 'Spanyol masztiff', 'Mastín español'),
(358, 'Spanyol vízikutya', 'Perro de Agua Español'),
(359, 'Stabyhoun', 'Stabyhoun'),
(360, 'Staffordshire bullterrier', 'Staffordshire Bullterrier'),
(361, 'Steinbracke', 'Steinbracke'),
(362, 'Sussexi spániel', 'Sussex Spaniel'),
(363, 'Svájci fehér juhászkutya', 'Berger Blanc Suisse'),
(364, 'Svéd juhászkutya', 'Västgötaspets'),
(365, 'Svéd lapphund', 'Svensk Lapphund'),
(366, 'Szálkásszőrű német vizsla', 'Deutsch Stichelhaar'),
(367, 'Szálkászőrű holland juhászkutya', 'Hollandse Herdershond Ruwhaar'),
(368, 'Szamojéd', 'Samoiedskaïa Sabaka'),
(369, 'Szávavölgyi kopó', 'Posavski Gonič'),
(370, 'Szent Bernáthegyi kutya', 'St. Bernhardshund – Bernhardiner'),
(371, 'Szerb kopó', 'Srpski Gonič'),
(372, 'Szerb trikolor kopó', 'Srpski Trobojni Gonič'),
(373, 'Szibériai husky', 'Siberian Husky'),
(374, 'Szicíliai nyúlvadász kutya', 'Cirneco dell\'Etna'),
(375, 'Szíriai pásztorkutya', 'Pastore Siriano'),
(376, 'Szlovák csuvacs', 'Slovenský Ćuvać'),
(377, 'Szlovák drótszőrű vizsla', 'Slovenský hrubosrstý Stavač'),
(378, 'Szlovák kopó', 'Slovenskў Kopov'),
(379, 'Szürke norvég elghund', 'Norsk Elghund Grå'),
(380, 'Tacskó', 'Dachshund'),
(381, 'Tajvani kutya', 'Taiwan Dog'),
(382, 'Tátrai juhászkutya', 'Polski Owczarek Podhalanski'),
(383, 'Telomian', 'Telomian'),
(384, 'Tennessee treeing brindle', 'Tennessee Treeing Brindle'),
(385, 'Terceira-i marhaterelő kutya', 'Barbado Da Terceira'),
(386, 'Tervueren', 'Tervueren'),
(387, 'Thai Bangkaew kutya', ''),
(388, 'Thai Ridgeback', 'Thai Ridgeback Dog'),
(389, 'Tibeti masztiff', 'Do-Khyi'),
(390, 'Tibeti spániel', 'Tibetan Spaniel'),
(391, 'Tibeti terrier', 'Tibetan Terrier'),
(392, 'Tiroli kopó', 'Tiroler Bracke'),
(393, 'Törpe foxterrier', 'Toy Fox Terrier'),
(394, 'Törpe pincser', 'Zwergpinscher'),
(395, 'Törpe portugál kopó', 'Podengo Português Pequenho'),
(396, 'Törpe schnauzer', 'Zwergschnauzer'),
(397, 'Törpe uszkár', 'Miniature Caniche'),
(398, 'Tosa inu', 'Tosa'),
(399, 'Toy uszkár', 'Toy Caniche'),
(400, 'Treeing walker mosómedvekopó', 'Treeing Walker Coonhound'),
(401, 'Trigg kopó', 'Trigg Hound'),
(402, 'Trikolor francia kopó', 'Chien Français Tricolore'),
(403, 'Trikolor nagy angol-francia kopó', 'Grand Anglo-Français Tricolore'),
(404, 'Új-Guineai éneklő kutya', 'New Guinea singing dog'),
(405, 'Újfoundlandi', 'Newfoundland'),
(406, 'Uruguay-i cimarrón', 'Cimarrón Uruguayo'),
(407, 'Vadkacsavadász retriever', 'Nova Scotia Duck Tolling Retriever'),
(408, 'Vendée-i griffonkopó', 'Briquet Griffon Vendéen'),
(409, 'Vesztfáliai tacskókopó', 'Westphälische Dachsbracke'),
(410, 'Vidravadász kopó', 'Otterhound'),
(411, 'Vörös ír szetter', 'Irish Red Setter'),
(412, 'Vörös mosómedvekopó', 'Redbone Coonhound'),
(413, 'Vörös pettyes mosómedvekopó', 'Redtick Coonhound'),
(414, 'Vörös-fehér ír szetter', 'Irish Red and White Setter'),
(415, 'Weimari vizsla', 'Weimaraner'),
(416, 'Welsh springer spániel', 'Welsh Springer Spaniel'),
(417, 'Welsh terrier', 'Welsh Terrier'),
(418, 'West Highland White terrier', 'West Highland White Terrier'),
(419, 'Wetterhoun', 'Wetterhoun'),
(420, 'Whippet', 'Whippet'),
(421, 'Yorkshire terrier', 'Yorkshire Terrier');

-- --------------------------------------------------------

--
-- Tábla szerkezet ehhez a táblához `kutyak`
--

CREATE TABLE `kutyak` (
  `kutya_id` int(11) UNSIGNED NOT NULL,
  `fajta_id` int(11) UNSIGNED NOT NULL,
  `nev_id` int(11) UNSIGNED NOT NULL,
  `eletkor` int(2) NOT NULL,
  `utolso_orvosi_ellenorzes` date NOT NULL
) ENGINE=InnoDB DEFAULT CHARSET=utf8 COLLATE=utf8_general_ci;

--
-- A tábla adatainak kiíratása `kutyak`
--

INSERT INTO `kutyak` (`kutya_id`, `fajta_id`, `nev_id`, `eletkor`, `utolso_orvosi_ellenorzes`) VALUES
(1, 307, 107, 14, '2023-11-27'),
(2, 329, 62, 9, '2024-01-24'),
(3, 37, 130, 9, '2023-04-26'),
(4, 66, 27, 10, '2023-12-09'),
(5, 59, 39, 13, '2023-05-02'),
(6, 132, 137, 14, '2023-04-21'),
(7, 285, 17, 8, '2023-08-21'),
(8, 1, 189, 12, '2023-06-15'),
(9, 304, 195, 11, '2023-11-22'),
(10, 378, 207, 3, '2023-12-06'),
(11, 417, 58, 8, '2023-03-18'),
(12, 199, 51, 1, '2023-02-28'),
(13, 240, 186, 8, '2023-07-23'),
(14, 369, 244, 13, '2023-12-08'),
(15, 351, 138, 20, '2023-05-14'),
(16, 161, 80, 5, '2023-04-23'),
(17, 42, 226, 10, '2023-09-14'),
(18, 186, 191, 16, '2023-04-20'),
(19, 13, 149, 1, '2024-02-25'),
(20, 376, 54, 8, '2024-01-07'),
(21, 33, 118, 6, '2023-06-09'),
(22, 300, 202, 9, '2023-08-02'),
(23, 13, 143, 4, '2023-06-29'),
(24, 389, 174, 14, '2023-06-28'),
(25, 225, 74, 8, '2023-09-03'),
(26, 17, 158, 4, '2023-09-26'),
(27, 268, 110, 9, '2023-09-19'),
(28, 408, 262, 15, '2024-01-19'),
(29, 112, 159, 12, '2023-06-08'),
(30, 83, 11, 4, '2023-05-09'),
(31, 150, 128, 9, '2023-07-16'),
(32, 209, 114, 13, '2024-02-09'),
(33, 325, 46, 10, '2023-05-31'),
(34, 273, 260, 16, '2023-07-28'),
(35, 16, 266, 13, '2023-04-12'),
(36, 188, 266, 11, '2023-12-02'),
(37, 380, 165, 5, '2023-09-06'),
(38, 332, 22, 17, '2023-11-13'),
(39, 207, 201, 8, '2023-03-09'),
(40, 16, 42, 7, '2023-05-20'),
(41, 175, 255, 8, '2023-07-13'),
(42, 238, 92, 16, '2023-10-23'),
(43, 293, 81, 2, '2023-12-02'),
(44, 259, 255, 2, '2024-01-13'),
(45, 91, 18, 7, '2023-06-05'),
(46, 40, 18, 14, '2023-11-08'),
(47, 203, 214, 18, '2023-03-24'),
(48, 58, 59, 4, '2024-01-22'),
(49, 346, 113, 10, '2023-03-23'),
(50, 325, 128, 16, '2024-01-31'),
(51, 40, 144, 5, '2023-04-16'),
(52, 348, 79, 11, '2023-08-11'),
(53, 82, 129, 14, '2023-04-26'),
(54, 32, 39, 1, '2024-02-05'),
(55, 336, 203, 7, '2023-04-14'),
(56, 309, 109, 1, '2023-07-26'),
(57, 95, 223, 1, '2023-09-29'),
(58, 243, 132, 6, '2023-04-24'),
(59, 392, 116, 15, '2023-09-13'),
(60, 256, 181, 4, '2023-09-03'),
(61, 279, 223, 9, '2023-07-08'),
(62, 410, 174, 12, '2023-10-20'),
(63, 386, 251, 11, '2023-11-04'),
(64, 199, 108, 14, '2023-11-01'),
(65, 126, 186, 13, '2023-10-03'),
(66, 229, 39, 11, '2023-07-29'),
(67, 307, 267, 2, '2023-07-01'),
(68, 126, 67, 1, '2023-11-29'),
(69, 407, 242, 13, '2023-10-31'),
(70, 285, 86, 15, '2023-12-22'),
(71, 118, 236, 16, '2023-06-04'),
(72, 264, 163, 10, '2023-11-14'),
(73, 224, 275, 10, '2023-07-10'),
(74, 162, 254, 2, '2023-03-21'),
(75, 282, 59, 10, '2023-09-17'),
(76, 233, 260, 1, '2023-04-12'),
(77, 62, 166, 7, '2023-06-30'),
(78, 31, 5, 8, '2023-12-20'),
(79, 180, 29, 5, '2023-03-19'),
(80, 384, 218, 2, '2024-02-17'),
(81, 93, 4, 10, '2023-09-10'),
(82, 341, 247, 7, '2023-12-24'),
(83, 397, 58, 12, '2023-12-06'),
(84, 98, 192, 9, '2024-01-23'),
(85, 172, 133, 9, '2023-02-26'),
(86, 323, 91, 15, '2023-09-15'),
(87, 187, 136, 4, '2023-11-05'),
(88, 212, 132, 12, '2023-06-26'),
(89, 162, 154, 12, '2023-03-30'),
(90, 256, 53, 14, '2023-11-04'),
(91, 145, 283, 9, '2024-01-19'),
(92, 357, 27, 6, '2023-02-28'),
(93, 252, 117, 14, '2024-01-11'),
(94, 189, 127, 12, '2023-05-24'),
(95, 13, 55, 7, '2023-05-12'),
(96, 135, 286, 4, '2023-03-25'),
(97, 51, 9, 8, '2023-04-06'),
(98, 80, 114, 1, '2024-01-10'),
(99, 402, 72, 9, '2023-04-13'),
(100, 95, 266, 11, '2023-05-09'),
(101, 261, 158, 15, '2024-02-26'),
(102, 69, 168, 8, '2023-11-16'),
(103, 256, 49, 12, '2023-10-12'),
(104, 20, 38, 8, '2023-05-22'),
(105, 81, 146, 6, '2023-12-13'),
(106, 315, 107, 2, '2023-12-11'),
(107, 159, 161, 14, '2023-04-24'),
(108, 394, 198, 8, '2023-09-22'),
(109, 65, 76, 14, '2023-10-13'),
(110, 105, 268, 15, '2023-09-15'),
(111, 94, 48, 8, '2023-05-01'),
(112, 188, 178, 2, '2023-06-24'),
(113, 41, 205, 9, '2023-10-10'),
(114, 331, 110, 4, '2023-05-04'),
(115, 76, 140, 2, '2023-06-12'),
(116, 186, 192, 16, '2024-01-11'),
(117, 245, 252, 1, '2023-08-05'),
(118, 138, 79, 11, '2024-01-25'),
(119, 189, 256, 2, '2023-04-30'),
(120, 267, 239, 9, '2023-08-16'),
(121, 304, 98, 8, '2023-05-04'),
(122, 152, 279, 6, '2023-09-20'),
(123, 190, 208, 5, '2024-01-07'),
(124, 294, 76, 8, '2023-09-01'),
(125, 287, 251, 6, '2023-05-14'),
(126, 310, 235, 16, '2023-07-07'),
(127, 83, 175, 5, '2023-03-21'),
(128, 344, 10, 7, '2023-10-22'),
(129, 362, 241, 3, '2023-03-10'),
(130, 199, 115, 15, '2023-08-15'),
(131, 212, 153, 11, '2023-05-10'),
(132, 2, 119, 11, '2023-06-05'),
(133, 51, 56, 17, '2023-10-18'),
(134, 46, 155, 11, '2023-06-18'),
(135, 34, 260, 8, '2023-06-19'),
(136, 148, 83, 1, '2023-03-15'),
(137, 224, 171, 9, '2024-01-02'),
(138, 180, 269, 4, '2023-07-09'),
(139, 113, 252, 12, '2023-12-15'),
(140, 3, 166, 16, '2023-04-01'),
(141, 236, 242, 13, '2023-04-26'),
(142, 215, 67, 3, '2023-12-28'),
(143, 28, 225, 18, '2023-03-04'),
(144, 383, 163, 4, '2023-07-21'),
(145, 82, 124, 3, '2023-08-25'),
(146, 420, 210, 4, '2023-03-02'),
(147, 407, 117, 10, '2023-04-19'),
(148, 237, 110, 10, '2023-08-19'),
(149, 227, 13, 14, '2023-12-15'),
(150, 45, 139, 16, '2023-09-14'),
(151, 296, 204, 3, '2023-09-08'),
(152, 126, 198, 6, '2023-08-06'),
(153, 371, 90, 7, '2023-03-02'),
(154, 386, 236, 13, '2024-01-06'),
(155, 330, 219, 5, '2023-06-29'),
(156, 20, 264, 6, '2023-12-06'),
(157, 21, 197, 1, '2023-09-15'),
(158, 314, 87, 9, '2023-04-03'),
(159, 127, 140, 15, '2023-11-27'),
(160, 133, 277, 6, '2023-11-09'),
(161, 281, 255, 7, '2023-04-16'),
(162, 168, 1, 11, '2023-08-03'),
(163, 342, 194, 2, '2023-06-10'),
(164, 351, 258, 8, '2023-09-20'),
(165, 100, 62, 8, '2024-01-19'),
(166, 8, 231, 15, '2023-08-07'),
(167, 243, 218, 7, '2023-06-29'),
(168, 178, 244, 4, '2023-12-14'),
(169, 67, 79, 15, '2024-01-01'),
(170, 198, 57, 11, '2023-03-12'),
(171, 218, 202, 13, '2023-08-04'),
(172, 361, 59, 14, '2024-01-27'),
(173, 345, 287, 7, '2023-03-03'),
(174, 137, 26, 8, '2023-05-24'),
(175, 70, 207, 11, '2023-04-04'),
(176, 17, 125, 4, '2023-04-15'),
(177, 348, 118, 13, '2023-05-04'),
(178, 133, 8, 15, '2023-08-06'),
(179, 130, 181, 9, '2023-06-29'),
(180, 367, 168, 1, '2023-08-03'),
(181, 40, 63, 7, '2023-04-07'),
(182, 35, 123, 11, '2023-03-17'),
(183, 52, 33, 1, '2024-01-29'),
(184, 230, 47, 14, '2023-07-30'),
(185, 178, 93, 18, '2023-04-01'),
(186, 107, 69, 1, '2023-12-05'),
(187, 192, 50, 2, '2023-04-23'),
(188, 9, 159, 2, '2023-07-01'),
(189, 222, 259, 2, '2024-02-23'),
(190, 244, 1, 13, '2023-09-18'),
(191, 273, 212, 11, '2023-11-22'),
(192, 94, 137, 16, '2024-02-25'),
(193, 319, 161, 8, '2023-04-23'),
(194, 107, 76, 17, '2023-07-15'),
(195, 342, 34, 18, '2023-03-29'),
(196, 292, 269, 4, '2023-10-17'),
(197, 19, 248, 16, '2023-11-13'),
(198, 258, 1, 17, '2023-09-06'),
(199, 365, 125, 1, '2023-03-13'),
(200, 368, 100, 18, '2023-10-09'),
(201, 145, 145, 7, '2023-12-31'),
(202, 232, 12, 1, '2023-09-04'),
(203, 349, 247, 4, '2023-07-09'),
(204, 309, 19, 12, '2023-10-02'),
(205, 362, 110, 15, '2024-01-13'),
(206, 126, 160, 4, '2024-02-26'),
(207, 91, 22, 14, '2023-07-11'),
(208, 220, 256, 7, '2023-06-02'),
(209, 321, 90, 13, '2023-03-16'),
(210, 189, 261, 18, '2023-11-08'),
(211, 53, 91, 3, '2024-01-10'),
(212, 91, 178, 7, '2023-08-07'),
(213, 243, 168, 1, '2023-09-26'),
(214, 363, 176, 4, '2023-12-19'),
(215, 116, 143, 1, '2023-10-08'),
(216, 281, 55, 11, '2023-03-17'),
(217, 215, 93, 17, '2024-01-02'),
(218, 254, 253, 12, '2023-07-28'),
(219, 415, 64, 16, '2023-08-04'),
(220, 288, 65, 9, '2023-11-23'),
(221, 296, 156, 1, '2023-10-09'),
(222, 61, 164, 7, '2023-12-15'),
(223, 135, 52, 15, '2023-09-23'),
(224, 287, 97, 3, '2023-12-03'),
(225, 309, 12, 11, '2023-10-02'),
(226, 18, 210, 3, '2023-11-14'),
(227, 28, 196, 6, '2023-12-03'),
(228, 361, 125, 10, '2024-01-07'),
(229, 288, 183, 16, '2023-03-03'),
(230, 396, 20, 14, '2023-09-20'),
(231, 313, 131, 2, '2023-03-25'),
(232, 114, 14, 12, '2023-11-10'),
(233, 158, 244, 11, '2023-10-08'),
(234, 254, 183, 11, '2023-10-11'),
(235, 231, 270, 4, '2023-09-19'),
(236, 340, 40, 9, '2023-04-08'),
(237, 122, 37, 18, '2024-02-14'),
(238, 299, 175, 8, '2023-11-08'),
(239, 127, 240, 8, '2023-07-10'),
(240, 272, 123, 10, '2023-08-17'),
(241, 300, 192, 5, '2023-06-13'),
(242, 192, 76, 11, '2023-03-22'),
(243, 227, 280, 6, '2023-12-04'),
(244, 230, 10, 10, '2023-11-12'),
(245, 285, 50, 9, '2024-01-28'),
(246, 246, 24, 15, '2024-01-14'),
(247, 288, 165, 8, '2023-05-26'),
(248, 371, 158, 1, '2024-02-09'),
(249, 413, 235, 6, '2023-10-06'),
(250, 387, 209, 8, '2023-10-04'),
(251, 195, 232, 16, '2023-12-01'),
(252, 289, 144, 14, '2023-05-25'),
(253, 150, 136, 16, '2023-03-14'),
(254, 373, 43, 8, '2023-10-31'),
(255, 26, 194, 2, '2023-03-31'),
(256, 144, 196, 3, '2023-09-07'),
(257, 283, 7, 5, '2023-05-19'),
(258, 411, 114, 14, '2023-08-27'),
(259, 421, 117, 5, '2023-06-02'),
(260, 399, 232, 11, '2023-12-07'),
(261, 362, 202, 8, '2023-04-12'),
(262, 360, 267, 2, '2023-08-13'),
(263, 109, 62, 11, '2023-09-20'),
(264, 205, 228, 11, '2023-05-28'),
(265, 345, 19, 6, '2023-12-03'),
(266, 164, 134, 5, '2023-10-15'),
(267, 7, 13, 6, '2023-03-16'),
(268, 218, 238, 16, '2023-07-30'),
(269, 26, 46, 3, '2023-09-28'),
(270, 263, 278, 6, '2023-12-17'),
(271, 378, 155, 12, '2023-05-02'),
(272, 180, 96, 14, '2024-01-24'),
(273, 344, 90, 8, '2023-06-22'),
(274, 53, 149, 13, '2023-10-03'),
(275, 7, 186, 5, '2023-09-26'),
(276, 250, 201, 15, '2024-02-21'),
(277, 138, 237, 18, '2023-10-17'),
(278, 399, 159, 12, '2023-05-24'),
(279, 8, 180, 8, '2023-08-20'),
(280, 300, 163, 18, '2024-02-09'),
(281, 114, 21, 13, '2023-03-08'),
(282, 76, 255, 12, '2024-02-02'),
(283, 118, 148, 2, '2023-05-02'),
(284, 194, 180, 3, '2023-04-26'),
(285, 420, 159, 11, '2023-10-27'),
(286, 159, 94, 10, '2023-09-16'),
(287, 24, 125, 11, '2023-09-28'),
(288, 118, 145, 9, '2023-08-26'),
(289, 141, 271, 7, '2023-06-14'),
(290, 342, 178, 5, '2023-09-05'),
(291, 112, 251, 7, '2023-04-22'),
(292, 144, 49, 2, '2024-01-08'),
(293, 327, 23, 11, '2023-12-20'),
(294, 155, 39, 8, '2023-05-05'),
(295, 54, 150, 18, '2023-08-13'),
(296, 288, 51, 14, '2023-06-12'),
(297, 66, 93, 5, '2023-05-15'),
(298, 396, 174, 8, '2023-11-21'),
(299, 316, 150, 8, '2023-04-29'),
(300, 50, 246, 11, '2024-02-26'),
(301, 4, 83, 8, '2023-10-20'),
(302, 13, 170, 6, '2023-03-13'),
(303, 420, 244, 7, '2023-04-16'),
(304, 95, 236, 3, '2023-04-22'),
(305, 140, 244, 5, '2024-01-10'),
(306, 237, 174, 8, '2023-12-27'),
(307, 47, 52, 9, '2023-07-17'),
(308, 265, 42, 17, '2023-09-23'),
(309, 272, 78, 16, '2023-11-19'),
(310, 142, 181, 10, '2023-04-09'),
(311, 300, 178, 1, '2023-05-05'),
(312, 212, 236, 1, '2023-11-11'),
(313, 25, 242, 13, '2023-03-08'),
(314, 24, 6, 6, '2023-08-31'),
(315, 132, 46, 15, '2023-11-05'),
(316, 29, 93, 1, '2023-12-12'),
(317, 43, 126, 6, '2023-06-08'),
(318, 230, 99, 3, '2023-12-18'),
(319, 94, 56, 15, '2023-04-22'),
(320, 398, 13, 4, '2023-05-12'),
(321, 219, 133, 9, '2024-01-22'),
(322, 211, 179, 5, '2023-11-17'),
(323, 231, 68, 8, '2024-01-19'),
(324, 138, 222, 3, '2023-08-24'),
(325, 266, 198, 7, '2023-03-22'),
(326, 249, 147, 5, '2023-03-02'),
(327, 291, 259, 3, '2023-10-05'),
(328, 249, 17, 7, '2023-10-24'),
(329, 78, 222, 10, '2023-11-02'),
(330, 381, 112, 15, '2023-05-12'),
(331, 225, 149, 13, '2023-10-20'),
(332, 161, 91, 11, '2024-02-04'),
(333, 62, 8, 6, '2024-01-26'),
(334, 266, 243, 6, '2023-09-03'),
(335, 278, 153, 7, '2023-04-23'),
(336, 223, 151, 11, '2023-12-24'),
(337, 264, 192, 1, '2023-04-09'),
(338, 185, 206, 8, '2024-02-08'),
(339, 70, 250, 18, '2023-06-25'),
(340, 131, 34, 16, '2024-02-11'),
(341, 279, 87, 12, '2024-01-15'),
(342, 241, 254, 3, '2023-06-19'),
(343, 262, 42, 11, '2023-08-08'),
(344, 378, 53, 1, '2023-09-12'),
(345, 124, 92, 13, '2023-06-12'),
(346, 115, 231, 5, '2023-07-06'),
(347, 18, 72, 2, '2023-10-15'),
(348, 398, 224, 7, '2024-01-10'),
(349, 358, 244, 16, '2024-01-07'),
(350, 380, 2, 6, '2023-12-21'),
(351, 65, 286, 13, '2023-12-29'),
(352, 344, 246, 5, '2023-04-25'),
(353, 252, 75, 9, '2024-02-07'),
(354, 59, 135, 16, '2023-10-11'),
(355, 174, 48, 6, '2023-04-28'),
(356, 80, 188, 8, '2023-05-26'),
(357, 132, 285, 15, '2023-06-03'),
(358, 87, 79, 18, '2023-04-14'),
(359, 257, 32, 13, '2023-05-05'),
(360, 130, 202, 7, '2023-03-12'),
(361, 34, 240, 15, '2023-08-05'),
(362, 306, 69, 4, '2023-08-21'),
(363, 331, 42, 11, '2023-10-06'),
(364, 275, 100, 15, '2024-02-26'),
(365, 393, 219, 3, '2023-03-01'),
(366, 149, 248, 8, '2023-05-26'),
(367, 217, 119, 7, '2023-08-30'),
(368, 186, 208, 4, '2023-04-20'),
(369, 95, 192, 2, '2023-07-03'),
(370, 293, 240, 10, '2023-05-15'),
(371, 391, 281, 9, '2023-08-25'),
(372, 377, 35, 14, '2024-02-19'),
(373, 155, 219, 4, '2023-10-18'),
(374, 133, 200, 12, '2024-02-23'),
(375, 130, 15, 18, '2024-01-31'),
(376, 410, 125, 12, '2023-12-11'),
(377, 357, 110, 4, '2023-09-05'),
(378, 135, 208, 14, '2023-08-06'),
(379, 216, 260, 16, '2023-10-30'),
(380, 73, 12, 9, '2023-12-24'),
(381, 148, 265, 15, '2024-01-23'),
(382, 145, 221, 14, '2023-10-06'),
(383, 242, 64, 6, '2023-08-01'),
(384, 13, 115, 17, '2023-08-23'),
(385, 99, 186, 2, '2023-03-13'),
(386, 310, 99, 13, '2023-12-03'),
(387, 268, 251, 6, '2024-02-26'),
(388, 377, 198, 13, '2023-12-14'),
(389, 175, 116, 18, '2023-04-06'),
(390, 94, 50, 14, '2023-04-02'),
(391, 61, 152, 3, '2024-01-03'),
(392, 87, 195, 5, '2024-01-20'),
(393, 250, 73, 5, '2023-07-10'),
(394, 88, 58, 13, '2023-07-05'),
(395, 75, 108, 12, '2023-08-30'),
(396, 387, 148, 4, '2023-08-20'),
(397, 153, 22, 12, '2023-11-15'),
(398, 106, 165, 17, '2024-01-26'),
(399, 158, 279, 6, '2023-11-20'),
(400, 277, 25, 3, '2023-12-23'),
(401, 32, 232, 6, '2023-08-16'),
(402, 365, 8, 12, '2023-09-08'),
(403, 81, 75, 4, '2023-04-14'),
(404, 300, 91, 10, '2023-07-31'),
(405, 143, 219, 3, '2023-06-01'),
(406, 97, 32, 2, '2023-06-15'),
(407, 104, 45, 10, '2023-06-23'),
(408, 307, 210, 3, '2024-01-15'),
(409, 418, 119, 9, '2023-06-24'),
(410, 15, 118, 5, '2024-01-03'),
(411, 419, 103, 12, '2023-06-08'),
(412, 257, 67, 10, '2023-10-23'),
(413, 235, 163, 2, '2023-09-29'),
(414, 218, 211, 2, '2023-07-06'),
(415, 250, 37, 3, '2023-08-02'),
(416, 78, 66, 5, '2023-12-23'),
(417, 73, 211, 17, '2023-04-16'),
(418, 31, 100, 18, '2023-11-05'),
(419, 394, 14, 6, '2023-08-25'),
(420, 113, 42, 15, '2024-02-20'),
(421, 12, 279, 9, '2023-05-24'),
(422, 345, 240, 9, '2023-12-25'),
(423, 199, 99, 18, '2024-01-03'),
(424, 197, 156, 5, '2023-03-12'),
(425, 335, 215, 2, '2023-07-14'),
(426, 196, 128, 5, '2023-04-15'),
(427, 155, 281, 9, '2024-02-21'),
(428, 160, 178, 8, '2023-09-09'),
(429, 113, 267, 16, '2023-03-02'),
(430, 407, 284, 11, '2023-05-06'),
(431, 361, 61, 6, '2023-08-07'),
(432, 394, 230, 5, '2024-01-16'),
(433, 238, 111, 9, '2023-05-19'),
(434, 360, 31, 7, '2024-02-12'),
(435, 49, 282, 18, '2023-08-08'),
(436, 359, 68, 10, '2023-03-26'),
(437, 242, 208, 18, '2024-01-25'),
(438, 119, 168, 1, '2023-11-15'),
(439, 346, 83, 3, '2023-02-27'),
(440, 356, 141, 17, '2023-04-11'),
(441, 377, 190, 13, '2023-05-17'),
(442, 295, 45, 5, '2023-06-27'),
(443, 239, 224, 11, '2024-01-22'),
(444, 268, 39, 11, '2023-09-19'),
(445, 307, 206, 11, '2023-05-14'),
(446, 153, 173, 5, '2023-12-14'),
(447, 346, 74, 13, '2023-08-10'),
(448, 148, 181, 2, '2023-07-03'),
(449, 255, 140, 7, '2023-09-26'),
(450, 400, 86, 6, '2023-09-18'),
(451, 119, 89, 18, '2023-03-28'),
(452, 201, 22, 8, '2023-12-04'),
(453, 132, 63, 7, '2024-01-11'),
(454, 65, 172, 1, '2023-05-24'),
(455, 8, 195, 11, '2023-10-27'),
(456, 268, 252, 4, '2023-07-19'),
(457, 235, 113, 14, '2023-09-22'),
(458, 198, 103, 7, '2023-11-05'),
(459, 421, 238, 9, '2023-11-19'),
(460, 20, 3, 11, '2023-06-29'),
(461, 192, 195, 12, '2023-12-01'),
(462, 117, 217, 16, '2023-06-07'),
(463, 131, 53, 3, '2024-02-23'),
(464, 258, 200, 10, '2023-11-04'),
(465, 76, 228, 7, '2024-02-15'),
(466, 88, 19, 6, '2023-03-30'),
(467, 132, 171, 16, '2024-02-11'),
(468, 244, 7, 6, '2023-11-30'),
(469, 238, 218, 2, '2023-07-06'),
(470, 373, 103, 1, '2023-03-28'),
(471, 8, 257, 9, '2023-12-12'),
(472, 61, 161, 8, '2023-03-09'),
(473, 161, 218, 17, '2023-11-08'),
(474, 162, 34, 3, '2023-07-21'),
(475, 374, 125, 17, '2024-01-23'),
(476, 206, 134, 3, '2023-06-19'),
(477, 342, 169, 5, '2024-01-20'),
(478, 103, 113, 12, '2023-09-22'),
(479, 287, 255, 3, '2023-08-26'),
(480, 5, 69, 10, '2023-08-20'),
(481, 330, 7, 5, '2023-07-07'),
(482, 367, 57, 3, '2023-08-01'),
(483, 317, 116, 16, '2024-01-04'),
(484, 209, 63, 13, '2024-01-24'),
(485, 412, 67, 2, '2023-07-12'),
(486, 43, 262, 9, '2023-06-23'),
(487, 180, 41, 6, '2023-10-26'),
(488, 167, 198, 11, '2023-11-29'),
(489, 316, 54, 13, '2023-07-29'),
(490, 227, 284, 18, '2023-10-27'),
(491, 239, 150, 5, '2023-09-19'),
(492, 45, 201, 16, '2023-04-01'),
(493, 134, 243, 14, '2023-08-21'),
(494, 266, 34, 10, '2023-05-06'),
(495, 415, 135, 11, '2023-12-06'),
(496, 181, 175, 17, '2023-08-08'),
(497, 275, 211, 6, '2023-04-07'),
(498, 225, 259, 11, '2023-09-08'),
(499, 337, 16, 8, '2024-01-17'),
(500, 34, 153, 13, '2023-06-15'),
(501, 140, 282, 15, '2023-12-15'),
(502, 231, 196, 1, '2023-11-01'),
(503, 136, 81, 11, '2023-05-30'),
(504, 21, 134, 16, '2023-06-16'),
(505, 272, 250, 12, '2023-06-12'),
(506, 357, 197, 9, '2023-08-21'),
(507, 171, 270, 17, '2023-09-29'),
(508, 207, 19, 18, '2023-10-30'),
(509, 328, 9, 7, '2023-04-09'),
(510, 124, 62, 15, '2023-09-23'),
(511, 155, 258, 14, '2023-10-30'),
(512, 145, 167, 17, '2023-11-17'),
(513, 269, 235, 3, '2023-11-01'),
(514, 179, 111, 8, '2024-01-20'),
(515, 374, 76, 7, '2023-09-16'),
(516, 88, 22, 1, '2024-02-10'),
(517, 137, 200, 17, '2023-08-19'),
(518, 73, 139, 7, '2024-02-11'),
(519, 290, 227, 1, '2024-01-31'),
(520, 3, 58, 17, '2023-03-31'),
(521, 130, 151, 12, '2023-06-29'),
(522, 228, 160, 15, '2023-10-26'),
(523, 350, 274, 9, '2024-01-07'),
(524, 398, 252, 15, '2023-08-30'),
(525, 249, 243, 5, '2023-04-11'),
(526, 89, 56, 8, '2024-01-16'),
(527, 49, 98, 6, '2023-04-28'),
(528, 134, 246, 13, '2023-11-19'),
(529, 330, 19, 5, '2023-06-16'),
(530, 377, 162, 3, '2023-07-24'),
(531, 183, 36, 15, '2024-01-24'),
(532, 124, 114, 9, '2023-09-22'),
(533, 244, 168, 6, '2024-01-22'),
(534, 353, 6, 13, '2024-01-16'),
(535, 278, 116, 9, '2023-08-03'),
(536, 403, 167, 2, '2023-11-22'),
(537, 283, 118, 5, '2023-12-19'),
(538, 134, 102, 6, '2023-04-17'),
(539, 77, 65, 14, '2023-04-15'),
(540, 107, 228, 4, '2023-02-28'),
(541, 352, 274, 6, '2023-08-23'),
(542, 266, 2, 11, '2024-01-29'),
(543, 31, 76, 16, '2023-04-22'),
(544, 331, 138, 8, '2023-09-26'),
(545, 402, 240, 10, '2024-02-20'),
(546, 6, 177, 15, '2023-07-09'),
(547, 345, 179, 14, '2023-09-11'),
(548, 64, 159, 12, '2023-05-17'),
(549, 336, 139, 1, '2023-11-20'),
(550, 164, 214, 16, '2023-10-23'),
(551, 375, 78, 2, '2023-05-03'),
(552, 176, 64, 8, '2023-04-08'),
(553, 262, 116, 6, '2023-04-12'),
(554, 338, 117, 14, '2024-02-25'),
(555, 247, 262, 4, '2023-07-31'),
(556, 313, 250, 14, '2023-12-15'),
(557, 193, 285, 7, '2023-11-25'),
(558, 206, 60, 12, '2023-02-26'),
(559, 153, 208, 6, '2023-05-23'),
(560, 264, 111, 5, '2024-02-07'),
(561, 309, 200, 16, '2023-08-12'),
(562, 185, 262, 16, '2024-02-17'),
(563, 120, 53, 4, '2024-01-06'),
(564, 355, 104, 18, '2023-04-22'),
(565, 371, 225, 2, '2023-08-29'),
(566, 70, 131, 15, '2023-06-12'),
(567, 241, 254, 2, '2023-10-01'),
(568, 161, 131, 16, '2023-05-29'),
(569, 111, 233, 9, '2023-11-23'),
(570, 132, 237, 12, '2023-03-24'),
(571, 282, 112, 12, '2023-11-18'),
(572, 304, 140, 2, '2023-12-13'),
(573, 403, 259, 5, '2024-02-16'),
(574, 343, 142, 12, '2023-11-23'),
(575, 27, 49, 2, '2023-11-16'),
(576, 108, 175, 6, '2023-05-13'),
(577, 239, 11, 6, '2023-06-09'),
(578, 290, 163, 12, '2023-08-16'),
(579, 117, 75, 18, '2023-10-23'),
(580, 45, 10, 11, '2023-10-31'),
(581, 151, 73, 4, '2023-09-08'),
(582, 342, 75, 5, '2023-09-12'),
(583, 151, 55, 18, '2023-08-30'),
(584, 126, 77, 7, '2023-10-11'),
(585, 83, 113, 10, '2024-01-21'),
(586, 200, 121, 11, '2023-02-27'),
(587, 362, 229, 16, '2023-09-05'),
(588, 407, 34, 11, '2024-02-15'),
(589, 390, 35, 11, '2024-01-25'),
(590, 274, 103, 18, '2023-04-11'),
(591, 388, 179, 1, '2023-06-13'),
(592, 359, 54, 1, '2023-07-19');

-- --------------------------------------------------------

--
-- Tábla szerkezet ehhez a táblához `kutyanevek`
--

CREATE TABLE `kutyanevek` (
  `kutya_id` int(11) UNSIGNED NOT NULL,
  `kutyanev` varchar(100) DEFAULT NULL
) ENGINE=InnoDB DEFAULT CHARSET=utf8 COLLATE=utf8_general_ci;

--
-- A tábla adatainak kiíratása `kutyanevek`
--

INSERT INTO `kutyanevek` (`kutya_id`, `kutyanev`) VALUES
(1, 'Akina'),
(2, 'Akira'),
(3, 'Alex'),
(4, 'Ali'),
(5, 'Amanda'),
(6, 'April'),
(7, 'Asterix'),
(8, 'Audrey'),
(9, 'Babuka'),
(10, 'Bajusz'),
(11, 'Bamboo'),
(12, 'Bandita'),
(13, 'Barnabás'),
(14, 'Bartók'),
(15, 'Bebe'),
(16, 'Benji'),
(17, 'Benni'),
(18, 'Bento'),
(19, 'Berci'),
(20, 'Betyár'),
(21, 'Bingó'),
(22, 'Blackie'),
(23, 'Blacky'),
(24, 'Blecky'),
(25, 'Blöki'),
(26, 'Bó'),
(27, 'Bobby'),
(28, 'Bobi'),
(29, 'Bobó'),
(30, 'Boga'),
(31, 'Bogi'),
(32, 'Bojti'),
(33, 'Bonnei'),
(34, 'Bono'),
(35, 'Bony'),
(36, 'Boris'),
(37, 'Börni'),
(38, 'Bosco'),
(39, 'Boti'),
(40, 'Botond'),
(41, 'Boxos'),
(42, 'Breien'),
(43, 'Bronzó'),
(44, 'Brownie'),
(45, 'Brutus'),
(46, 'Buli'),
(47, 'Carrie'),
(48, 'Casper'),
(49, 'Castor'),
(50, 'Castro'),
(51, 'Chanel'),
(52, 'Charlie'),
(53, 'Chili'),
(54, 'Cimi'),
(55, 'Cipő'),
(56, 'Cleo'),
(57, 'Coctail'),
(58, 'Cody'),
(59, 'Conen'),
(60, 'Connor'),
(61, 'Cooper'),
(62, 'Corenis'),
(63, 'Csabesz'),
(64, 'Csele'),
(65, 'Csibész'),
(66, 'Csiri'),
(67, 'Csocso'),
(68, 'Csöpi'),
(69, 'Cyri'),
(70, 'Daesy'),
(71, 'Dannie'),
(72, 'Dave'),
(73, 'Deb'),
(74, 'Deni'),
(75, 'Denisz'),
(76, 'Dennis'),
(77, 'Denny'),
(78, 'Deny'),
(79, 'Dexter'),
(80, 'Dini'),
(81, 'Disney'),
(82, 'Dobi'),
(83, 'Dodó'),
(84, 'Dolli'),
(85, 'Dolly'),
(86, 'Domino'),
(87, 'Donáld'),
(88, 'Dugó'),
(89, 'Dzsángó'),
(90, 'Dzseki'),
(91, 'Dzseni'),
(92, 'Dzsina'),
(93, 'Dzsuli'),
(94, 'Edu'),
(95, 'Ellie'),
(96, 'Emi'),
(97, 'Eminem'),
(98, 'Eric'),
(99, 'Eron'),
(100, 'Etnis'),
(101, 'Fickó'),
(102, 'Fidó'),
(103, 'Fifu'),
(104, 'Filo'),
(105, 'Folti'),
(106, 'Freya'),
(107, 'Frodó'),
(108, 'Frosty'),
(109, 'Gibby'),
(110, 'Gino'),
(111, 'Gizi'),
(112, 'Goldie'),
(113, 'Goldy'),
(114, 'Gólem'),
(115, 'Golfi'),
(116, 'Golyó'),
(117, 'Google'),
(118, 'Gray'),
(119, 'Gringó'),
(120, 'Gyereide'),
(121, 'Hannibál'),
(122, 'Happy'),
(123, 'Harcos'),
(124, 'Hector'),
(125, 'Hepi'),
(126, 'Hópihe'),
(127, 'Houdini'),
(128, 'Huncut'),
(129, 'Huncutka'),
(130, 'Írisz'),
(131, 'Isi'),
(132, 'Izabella'),
(133, 'Jaffa'),
(134, 'Jago'),
(135, 'Jakie'),
(136, 'Jasper'),
(137, 'Jeny'),
(138, 'Jessy'),
(139, 'Jhony'),
(140, 'Jin'),
(141, 'Johnny'),
(142, 'Joker'),
(143, 'Joky'),
(144, 'Jolly'),
(145, 'Josy'),
(146, 'Junior'),
(147, 'Jyl'),
(148, 'Kamino'),
(149, 'Kávé'),
(150, 'Kenny'),
(151, 'Kety'),
(152, 'Killer'),
(153, 'Kinder'),
(154, 'Kipper'),
(155, 'Kitty'),
(156, 'Kiwi'),
(157, 'Kodi'),
(158, 'Kody'),
(159, 'Kokó'),
(160, 'Krona'),
(161, 'Kukuc'),
(162, 'Leon'),
(163, 'Letty'),
(164, 'Lexi'),
(165, 'Lia'),
(166, 'Lilike'),
(167, 'Liló'),
(168, 'Lilus'),
(169, 'Lizy'),
(170, 'Lizzy'),
(171, 'Lőlik'),
(172, 'Lolli'),
(173, 'Lucky'),
(174, 'Lüki'),
(175, 'Lüszi'),
(176, 'Luxi'),
(177, 'Macifül'),
(178, 'Madox'),
(179, 'Mandi'),
(180, 'Manitu'),
(181, 'Marco Polo'),
(182, 'Marcus'),
(183, 'Mary'),
(184, 'Maximus'),
(185, 'Mázli'),
(186, 'Mázly'),
(187, 'Meggi'),
(188, 'Mexi'),
(189, 'Mexx'),
(190, 'Mexy'),
(191, 'Mia'),
(192, 'Mikey'),
(193, 'Milli'),
(194, 'Milou'),
(195, 'Misszi'),
(196, 'Móric'),
(197, 'Mozart'),
(198, 'Murphy'),
(199, 'Mysty'),
(200, 'Naga'),
(201, 'Napóleon'),
(202, 'Nessi'),
(203, 'Netty'),
(204, 'Nocsi'),
(205, 'Nono'),
(206, 'Otisz'),
(207, 'Pacsi'),
(208, 'Panka'),
(209, 'Party'),
(210, 'Patent'),
(211, 'Pimasz'),
(212, 'Plüsi'),
(213, 'Pöcök'),
(214, 'Polka'),
(215, 'Porti'),
(216, 'Puszi'),
(217, 'Rafi'),
(218, 'Réka'),
(219, 'Rézi'),
(220, 'Rico'),
(221, 'Ricsi'),
(222, 'Rikiki'),
(223, 'Rómeó'),
(224, 'Roti'),
(225, 'Royal'),
(226, 'Rupert'),
(227, 'Sábi'),
(228, 'Saidka'),
(229, 'Sally'),
(230, 'Sammy'),
(231, 'Sanci'),
(232, 'Santos'),
(233, 'Scooby'),
(234, 'Scoty'),
(235, 'Snoopy'),
(236, 'Sofi'),
(237, 'Sol'),
(238, 'Spyke'),
(239, 'Steffi'),
(240, 'Stefi'),
(241, 'Szaffi'),
(242, 'Szimba'),
(243, 'Sziszike'),
(244, 'Szofi'),
(245, 'T-Rex'),
(246, 'Tacsi'),
(247, 'Tapancs'),
(248, 'Tapi'),
(249, 'Tara'),
(250, 'Tekila'),
(251, 'Tekla'),
(252, 'Teo'),
(253, 'Tequila'),
(254, 'Tiffany'),
(255, 'Tigi'),
(256, 'Timba'),
(257, 'Timon'),
(258, 'Tisza'),
(259, 'Titok'),
(260, 'Topi'),
(261, 'Touluse'),
(262, 'Trendy'),
(263, 'Trickey'),
(264, 'Tuco'),
(265, 'Vacak'),
(266, 'Vackor'),
(267, 'Vadóc'),
(268, 'Vesta'),
(269, 'Watson'),
(270, 'Whisky'),
(271, 'Wifi'),
(272, 'Yoyó'),
(273, 'Zabu'),
(274, 'Zafír'),
(275, 'Zafira'),
(276, 'Zara'),
(277, 'Zefír'),
(278, 'Zina'),
(279, 'Zira'),
(280, 'Ziva'),
(281, 'Zoey'),
(282, 'Zoli'),
(283, 'Zolika'),
(284, 'Zorro'),
(285, 'Zoya'),
(286, 'Zozi'),
(287, 'Zsebike'),
(288, 'Zseni');

--
-- Indexek a kiírt táblákhoz
--

--
-- A tábla indexei `kutyafajtak`
--
ALTER TABLE `kutyafajtak`
  ADD PRIMARY KEY (`kutyafajta_id`);

--
-- A tábla indexei `kutyak`
--
ALTER TABLE `kutyak`
  ADD KEY `fk_kutya_nev` (`nev_id`),
  ADD KEY `fk_kutya_fajta` (`fajta_id`);

--
-- A tábla indexei `kutyanevek`
--
ALTER TABLE `kutyanevek`
  ADD PRIMARY KEY (`kutya_id`);

--
-- A kiírt táblák AUTO_INCREMENT értéke
--

--
-- AUTO_INCREMENT a táblához `kutyafajtak`
--
ALTER TABLE `kutyafajtak`
  MODIFY `kutyafajta_id` int(11) UNSIGNED NOT NULL AUTO_INCREMENT, AUTO_INCREMENT=422;

--
-- AUTO_INCREMENT a táblához `kutyanevek`
--
ALTER TABLE `kutyanevek`
  MODIFY `kutya_id` int(11) UNSIGNED NOT NULL AUTO_INCREMENT, AUTO_INCREMENT=289;

--
-- Megkötések a kiírt táblákhoz
--

--
-- Megkötések a táblához `kutyak`
--
ALTER TABLE `kutyak`
  ADD CONSTRAINT `fk_kutya_fajta` FOREIGN KEY (`fajta_id`) REFERENCES `kutyafajtak` (`kutyafajta_id`),
  ADD CONSTRAINT `fk_kutya_nev` FOREIGN KEY (`nev_id`) REFERENCES `kutyanevek` (`kutya_id`);
COMMIT;

/*!40101 SET CHARACTER_SET_CLIENT=@OLD_CHARACTER_SET_CLIENT */;
/*!40101 SET CHARACTER_SET_RESULTS=@OLD_CHARACTER_SET_RESULTS */;
/*!40101 SET COLLATION_CONNECTION=@OLD_COLLATION_CONNECTION */;
